"user_id","turk_id","ip_address"
"1","null","174.55.67.240"
"2","null","86.8.22.137"
"3","null","78.32.185.197"
"4",,"54.175.74.27"
"5","null","98.253.228.132"
"6","null","65.247.121.64"
"7","null","63.224.169.34"
"8","null","109.255.154.16"
"9","null","104.63.112.42"
"10","null","67.92.216.194"
"11","null","209.95.134.146"
"12","null","119.57.253.66"
"13","null","42.200.248.29"
"14","null","117.89.23.220"
"15","null","112.96.65.115"
"16","null","115.206.152.137"
"17","null","171.223.208.183"
"18","null","171.223.208.183"
"19","null","52.229.170.107"
"20","null","113.110.174.217"
"21","null","36.224.83.144"
"22","null","61.140.232.213"
"23","null","103.79.76.93"
"24","null","213.115.245.163"
"25",,"78.32.185.197"
"26","null","177.182.197.218"
"27","null","223.186.64.112"
"28","null","63.233.0.194"
"29","null","63.233.0.194"
"30","null","146.115.15.122"
"31","null","146.115.15.122"
"32","null","146.115.15.122"
"33","null","107.136.200.9"
"34","null","188.252.124.3"
"35","null","73.61.21.72"
"36","null","188.252.124.3"
"37","null","71.84.228.131"
"38","null","67.188.54.42"
"39","null","73.151.246.154"
"40","null","73.151.246.154"
"41","null","74.66.12.24"
"42","null","64.193.86.56"
"43","null","81.158.108.226"
"44","null","61.197.159.13"
"45","null","118.200.248.211"
"46","null","106.51.78.100"
"47","null","197.55.179.197"
"48","null","197.55.179.197"
"49","null","98.236.187.170"
"50","null","108.29.7.229"
"51","null","131.118.76.171"
"52","null","104.178.186.105"
"53","null","14.143.243.42"
"54","null","73.195.35.167"
"55","null","183.82.109.33"
"56",,"128.138.65.228"
